"filename", "language", "TypeScript", "YAML", "Markdown", "JSON with Comments", "JSON", "MS SQL", "JavaScript", "Ignore", "HTML", "TypeScript JSX", "XML", "Docker", "PostCSS", "Shell Script", "comment", "blank", "total"
"/Users/astigmatograf/Desktop/ToptanNext/.dockerignore", "Ignore", 0, 0, 0, 0, 0, 0, 0, 18, 0, 0, 0, 0, 0, 0, 0, 4, 22
"/Users/astigmatograf/Desktop/ToptanNext/.github/workflows/ci.yml", "YAML", 0, 58, 0, 0, 0, 0, 0, 0, 0, 0, 0, 0, 0, 0, 0, 13, 71
"/Users/astigmatograf/Desktop/ToptanNext/MEMORY_BANK.md", "Markdown", 0, 0, 245, 0, 0, 0, 0, 0, 0, 0, 0, 0, 0, 0, 0, 64, 309
"/Users/astigmatograf/Desktop/ToptanNext/PROJE_HAKKINDA_BILGILER.md", "Markdown", 0, 0, 268, 0, 0, 0, 0, 0, 0, 0, 0, 0, 0, 0, 0, 77, 345
"/Users/astigmatograf/Desktop/ToptanNext/README.md", "Markdown", 0, 0, 28, 0, 0, 0, 0, 0, 0, 0, 0, 0, 0, 0, 0, 17, 45
"/Users/astigmatograf/Desktop/ToptanNext/RULES_BACKEND.md", "Markdown", 0, 0, 795, 0, 0, 0, 0, 0, 0, 0, 0, 0, 0, 0, 0, 174, 969
"/Users/astigmatograf/Desktop/ToptanNext/RULES_CORE.md", "Markdown", 0, 0, 527, 0, 0, 0, 0, 0, 0, 0, 0, 0, 0, 0, 0, 123, 650
"/Users/astigmatograf/Desktop/ToptanNext/RULES_DATABASE.md", "Markdown", 0, 0, 307, 0, 0, 0, 0, 0, 0, 0, 0, 0, 0, 0, 0, 58, 365
"/Users/astigmatograf/Desktop/ToptanNext/RULES_DEVOPS.md", "Markdown", 0, 0, 322, 0, 0, 0, 0, 0, 0, 0, 0, 0, 0, 0, 0, 90, 412
"/Users/astigmatograf/Desktop/ToptanNext/RULES_FRONTEND.md", "Markdown", 0, 0, 387, 0, 0, 0, 0, 0, 0, 0, 0, 0, 0, 0, 0, 78, 465
"/Users/astigmatograf/Desktop/ToptanNext/apps/api/.eslintrc.js", "JavaScript", 0, 0, 0, 0, 0, 0, 25, 0, 0, 0, 0, 0, 0, 0, 0, 1, 26
"/Users/astigmatograf/Desktop/ToptanNext/apps/api/.prettierrc", "JSON", 0, 0, 0, 0, 4, 0, 0, 0, 0, 0, 0, 0, 0, 0, 0, 0, 4
"/Users/astigmatograf/Desktop/ToptanNext/apps/api/Dockerfile", "Docker", 0, 0, 0, 0, 0, 0, 0, 0, 0, 0, 0, 27, 0, 0, 2, 14, 43
"/Users/astigmatograf/Desktop/ToptanNext/apps/api/README.md", "Markdown", 0, 0, 69, 0, 0, 0, 0, 0, 0, 0, 0, 0, 0, 0, 2, 29, 100
"/Users/astigmatograf/Desktop/ToptanNext/apps/api/check_duplicates.sql", "MS SQL", 0, 0, 0, 0, 0, 17, 0, 0, 0, 0, 0, 0, 0, 0, 3, 3, 23
"/Users/astigmatograf/Desktop/ToptanNext/apps/api/docs.json", "JSON", 0, 0, 0, 0, 1, 0, 0, 0, 0, 0, 0, 0, 0, 0, 0, 1, 2
"/Users/astigmatograf/Desktop/ToptanNext/apps/api/nest-cli.json", "JSON", 0, 0, 0, 0, 8, 0, 0, 0, 0, 0, 0, 0, 0, 0, 0, 1, 9
"/Users/astigmatograf/Desktop/ToptanNext/apps/api/package.json", "JSON", 0, 0, 0, 0, 106, 0, 0, 0, 0, 0, 0, 0, 0, 0, 0, 1, 107
"/Users/astigmatograf/Desktop/ToptanNext/apps/api/prisma/migrations/20260409211221_add_user_model/migration.sql", "MS SQL", 0, 0, 0, 0, 0, 16, 0, 0, 0, 0, 0, 0, 0, 0, 5, 6, 27
"/Users/astigmatograf/Desktop/ToptanNext/apps/api/prisma/migrations/20260409214317_add_full_name_to_user/migration.sql", "MS SQL", 0, 0, 0, 0, 0, 1, 0, 0, 0, 0, 0, 0, 0, 0, 1, 1, 3
"/Users/astigmatograf/Desktop/ToptanNext/apps/api/prisma/migrations/20260414101500_add_profile_fields_to_user/migration.sql", "MS SQL", 0, 0, 0, 0, 0, 4, 0, 0, 0, 0, 0, 0, 0, 0, 0, 1, 5
"/Users/astigmatograf/Desktop/ToptanNext/apps/api/prisma/migrations/20260414123000_add_category_sector_product_models/migration.sql", "MS SQL", 0, 0, 0, 0, 0, 55, 0, 0, 0, 0, 0, 0, 0, 0, 17, 20, 92
"/Users/astigmatograf/Desktop/ToptanNext/apps/api/prisma/migrations/20260415103000_add_supplier_application_model/migration.sql", "MS SQL", 0, 0, 0, 0, 0, 19, 0, 0, 0, 0, 0, 0, 0, 0, 6, 7, 32
"/Users/astigmatograf/Desktop/ToptanNext/apps/api/prisma/migrations/20260415114500_add_city_district_reference_to_supplier_application/migration.sql", "MS SQL", 0, 0, 0, 0, 0, 13, 0, 0, 0, 0, 0, 0, 0, 0, 4, 4, 21
"/Users/astigmatograf/Desktop/ToptanNext/apps/api/prisma/migrations/20260415130155_add_contact_finance_and_review_fields/migration.sql", "MS SQL", 0, 0, 0, 0, 0, 19, 0, 0, 0, 0, 0, 0, 0, 0, 5, 5, 29
"/Users/astigmatograf/Desktop/ToptanNext/apps/api/prisma/migrations/20260415164154_add_supplier_application_documents_and_agreements/migration.sql", "MS SQL", 0, 0, 0, 0, 0, 19, 0, 0, 0, 0, 0, 0, 0, 0, 6, 7, 32
"/Users/astigmatograf/Desktop/ToptanNext/apps/api/prisma/migrations/20260418120000_enforce_contiguous_menu_order/migration.sql", "MS SQL", 0, 0, 0, 0, 0, 35, 0, 0, 0, 0, 0, 0, 0, 0, 5, 5, 45
"/Users/astigmatograf/Desktop/ToptanNext/apps/api/prisma/migrations/20260420171000_add_product_listing_models/migration.sql", "MS SQL", 0, 0, 0, 0, 0, 102, 0, 0, 0, 0, 0, 0, 0, 0, 29, 32, 163
"/Users/astigmatograf/Desktop/ToptanNext/apps/api/prisma/migrations/20260422103000_add_product_listing_tiered_pricing/migration.sql", "MS SQL", 0, 0, 0, 0, 0, 4, 0, 0, 0, 0, 0, 0, 0, 0, 0, 1, 5
"/Users/astigmatograf/Desktop/ToptanNext/apps/api/prisma/migrations/20260422120000_add_product_listing_logistics_fields/migration.sql", "MS SQL", 0, 0, 0, 0, 0, 8, 0, 0, 0, 0, 0, 0, 0, 0, 0, 4, 12
"/Users/astigmatograf/Desktop/ToptanNext/apps/api/prisma/migrations/20260422123000_add_product_listing_active_status/migration.sql", "MS SQL", 0, 0, 0, 0, 0, 2, 0, 0, 0, 0, 0, 0, 0, 0, 0, 1, 3
"/Users/astigmatograf/Desktop/ToptanNext/apps/api/prisma/migrations/20260423103000_add_product_listing_variant_groups/migration.sql", "MS SQL", 0, 0, 0, 0, 0, 2, 0, 0, 0, 0, 0, 0, 0, 0, 0, 1, 3
"/Users/astigmatograf/Desktop/ToptanNext/apps/api/prisma/migrations/20260424120000_add_chat_quote_module/migration.sql", "MS SQL", 0, 0, 0, 0, 0, 110, 0, 0, 0, 0, 0, 0, 0, 0, 1, 14, 125
"/Users/astigmatograf/Desktop/ToptanNext/apps/api/prisma/migrations/20260425013000_add_quote_logistics_fee/migration.sql", "MS SQL", 0, 0, 0, 0, 0, 2, 0, 0, 0, 0, 0, 0, 0, 0, 0, 1, 3
"/Users/astigmatograf/Desktop/ToptanNext/apps/api/prisma/migrations/20260425020000_add_quote_canceled_status/migration.sql", "MS SQL", 0, 0, 0, 0, 0, 1, 0, 0, 0, 0, 0, 0, 0, 0, 0, 1, 2
"/Users/astigmatograf/Desktop/ToptanNext/apps/api/prisma/migrations/20260425030000_add_cart_items/migration.sql", "MS SQL", 0, 0, 0, 0, 0, 20, 0, 0, 0, 0, 0, 0, 0, 0, 0, 5, 25
"/Users/astigmatograf/Desktop/ToptanNext/apps/api/prisma/migrations/20260427090000_add_logistics_applications/migration.sql", "MS SQL", 0, 0, 0, 0, 0, 63, 0, 0, 0, 0, 0, 0, 0, 0, 17, 19, 99
"/Users/astigmatograf/Desktop/ToptanNext/apps/api/prisma/migrations/20260501003000_add_conversation_logistics/migration.sql", "MS SQL", 0, 0, 0, 0, 0, 78, 0, 0, 0, 0, 0, 0, 0, 0, 0, 10, 88
"/Users/astigmatograf/Desktop/ToptanNext/apps/api/prisma/migrations/20260501224000_add_seller_delivery_to_logistics_requests/migration.sql", "MS SQL", 0, 0, 0, 0, 0, 3, 0, 0, 0, 0, 0, 0, 0, 0, 0, 1, 4
"/Users/astigmatograf/Desktop/ToptanNext/apps/api/prisma/migrations/20260501225500_backfill_logistics_offer_participants/migration.sql", "MS SQL", 0, 0, 0, 0, 0, 18, 0, 0, 0, 0, 0, 0, 0, 0, 0, 1, 19
"/Users/astigmatograf/Desktop/ToptanNext/apps/api/prisma/migrations/20260502093000_add_logistics_conversation_threads/migration.sql", "MS SQL", 0, 0, 0, 0, 0, 19, 0, 0, 0, 0, 0, 0, 0, 0, 0, 4, 23
"/Users/astigmatograf/Desktop/ToptanNext/apps/api/prisma/migrations/20260502230642_add_address_model/migration.sql", "MS SQL", 0, 0, 0, 0, 0, 27, 0, 0, 0, 0, 0, 0, 0, 0, 7, 8, 42
"/Users/astigmatograf/Desktop/ToptanNext/apps/api/prisma/migrations/20260503091500_add_quote_snapshot_to_cart_items/migration.sql", "MS SQL", 0, 0, 0, 0, 0, 8, 0, 0, 0, 0, 0, 0, 0, 0, 0, 1, 9
"/Users/astigmatograf/Desktop/ToptanNext/apps/api/prisma/migrations/20260503110000_add_payment_cards/migration.sql", "MS SQL", 0, 0, 0, 0, 0, 19, 0, 0, 0, 0, 0, 0, 0, 0, 0, 4, 23
"/Users/astigmatograf/Desktop/ToptanNext/apps/api/prisma/seed.ts", "TypeScript", 688, 0, 0, 0, 0, 0, 0, 0, 0, 0, 0, 0, 0, 0, 0, 18, 706
"/Users/astigmatograf/Desktop/ToptanNext/apps/api/src/app.controller.spec.ts", "TypeScript", 18, 0, 0, 0, 0, 0, 0, 0, 0, 0, 0, 0, 0, 0, 0, 5, 23
"/Users/astigmatograf/Desktop/ToptanNext/apps/api/src/app.controller.ts", "TypeScript", 10, 0, 0, 0, 0, 0, 0, 0, 0, 0, 0, 0, 0, 0, 0, 3, 13
"/Users/astigmatograf/Desktop/ToptanNext/apps/api/src/app.module.ts", "TypeScript", 60, 0, 0, 0, 0, 0, 0, 0, 0, 0, 0, 0, 0, 0, 0, 3, 63
"/Users/astigmatograf/Desktop/ToptanNext/apps/api/src/app.service.ts", "TypeScript", 7, 0, 0, 0, 0, 0, 0, 0, 0, 0, 0, 0, 0, 0, 0, 2, 9
"/Users/astigmatograf/Desktop/ToptanNext/apps/api/src/config/cloudinary.config.ts", "TypeScript", 15, 0, 0, 0, 0, 0, 0, 0, 0, 0, 0, 0, 0, 0, 0, 6, 21
"/Users/astigmatograf/Desktop/ToptanNext/apps/api/src/main.ts", "TypeScript", 42, 0, 0, 0, 0, 0, 0, 0, 0, 0, 0, 0, 0, 0, 0, 7, 49
"/Users/astigmatograf/Desktop/ToptanNext/apps/api/src/modules/addresses/addresses.controller.ts", "TypeScript", 91, 0, 0, 0, 0, 0, 0, 0, 0, 0, 0, 0, 0, 0, 0, 15, 106
"/Users/astigmatograf/Desktop/ToptanNext/apps/api/src/modules/addresses/addresses.module.ts", "TypeScript", 9, 0, 0, 0, 0, 0, 0, 0, 0, 0, 0, 0, 0, 0, 0, 2, 11
"/Users/astigmatograf/Desktop/ToptanNext/apps/api/src/modules/addresses/addresses.service.ts", "TypeScript", 159, 0, 0, 0, 0, 0, 0, 0, 0, 0, 0, 0, 0, 0, 0, 24, 183
"/Users/astigmatograf/Desktop/ToptanNext/apps/api/src/modules/auth/auth.controller.spec.ts", "TypeScript", 95, 0, 0, 0, 0, 0, 0, 0, 0, 0, 0, 0, 0, 0, 0, 14, 109
"/Users/astigmatograf/Desktop/ToptanNext/apps/api/src/modules/auth/auth.controller.ts", "TypeScript", 100, 0, 0, 0, 0, 0, 0, 0, 0, 0, 0, 0, 0, 0, 0, 17, 117
"/Users/astigmatograf/Desktop/ToptanNext/apps/api/src/modules/auth/auth.module.ts", "TypeScript", 50, 0, 0, 0, 0, 0, 0, 0, 0, 0, 0, 0, 0, 0, 0, 8, 58
"/Users/astigmatograf/Desktop/ToptanNext/apps/api/src/modules/auth/auth.service.spec.ts", "TypeScript", 117, 0, 0, 0, 0, 0, 0, 0, 0, 0, 0, 0, 0, 0, 0, 18, 135
"/Users/astigmatograf/Desktop/ToptanNext/apps/api/src/modules/auth/auth.service.ts", "TypeScript", 205, 0, 0, 0, 0, 0, 0, 0, 0, 0, 0, 0, 0, 0, 0, 41, 246
"/Users/astigmatograf/Desktop/ToptanNext/apps/api/src/modules/auth/dto/login.dto.ts", "TypeScript", 20, 0, 0, 0, 0, 0, 0, 0, 0, 0, 0, 0, 0, 0, 0, 1, 21
"/Users/astigmatograf/Desktop/ToptanNext/apps/api/src/modules/auth/dto/register.dto.ts", "TypeScript", 32, 0, 0, 0, 0, 0, 0, 0, 0, 0, 0, 0, 0, 0, 0, 4, 36
"/Users/astigmatograf/Desktop/ToptanNext/apps/api/src/modules/auth/strategies/jwt.strategy.ts", "TypeScript", 43, 0, 0, 0, 0, 0, 0, 0, 0, 0, 0, 0, 0, 0, 2, 7, 52
"/Users/astigmatograf/Desktop/ToptanNext/apps/api/src/modules/cart/cart.controller.ts", "TypeScript", 71, 0, 0, 0, 0, 0, 0, 0, 0, 0, 0, 0, 0, 0, 0, 11, 82
"/Users/astigmatograf/Desktop/ToptanNext/apps/api/src/modules/cart/cart.module.ts", "TypeScript", 9, 0, 0, 0, 0, 0, 0, 0, 0, 0, 0, 0, 0, 0, 0, 2, 11
"/Users/astigmatograf/Desktop/ToptanNext/apps/api/src/modules/cart/cart.service.ts", "TypeScript", 391, 0, 0, 0, 0, 0, 0, 0, 0, 0, 0, 0, 0, 0, 0, 45, 436
"/Users/astigmatograf/Desktop/ToptanNext/apps/api/src/modules/cart/dto/add-cart-item.dto.ts", "TypeScript", 11, 0, 0, 0, 0, 0, 0, 0, 0, 0, 0, 0, 0, 0, 0, 3, 14
"/Users/astigmatograf/Desktop/ToptanNext/apps/api/src/modules/cart/dto/update-cart-item.dto.ts", "TypeScript", 8, 0, 0, 0, 0, 0, 0, 0, 0, 0, 0, 0, 0, 0, 0, 2, 10
"/Users/astigmatograf/Desktop/ToptanNext/apps/api/src/modules/categories/categories.controller.ts", "TypeScript", 126, 0, 0, 0, 0, 0, 0, 0, 0, 0, 0, 0, 0, 0, 0, 25, 151
"/Users/astigmatograf/Desktop/ToptanNext/apps/api/src/modules/categories/categories.module.ts", "TypeScript", 10, 0, 0, 0, 0, 0, 0, 0, 0, 0, 0, 0, 0, 0, 0, 2, 12
"/Users/astigmatograf/Desktop/ToptanNext/apps/api/src/modules/categories/categories.repository.ts", "TypeScript", 235, 0, 0, 0, 0, 0, 0, 0, 0, 0, 0, 0, 0, 0, 0, 44, 279
"/Users/astigmatograf/Desktop/ToptanNext/apps/api/src/modules/categories/categories.service.ts", "TypeScript", 332, 0, 0, 0, 0, 0, 0, 0, 0, 0, 0, 0, 0, 0, 0, 81, 413
"/Users/astigmatograf/Desktop/ToptanNext/apps/api/src/modules/categories/dto/create-category.dto.ts", "TypeScript", 19, 0, 0, 0, 0, 0, 0, 0, 0, 0, 0, 0, 0, 0, 0, 5, 24
"/Users/astigmatograf/Desktop/ToptanNext/apps/api/src/modules/categories/dto/reorder-categories.dto.ts", "TypeScript", 24, 0, 0, 0, 0, 0, 0, 0, 0, 0, 0, 0, 0, 0, 0, 4, 28
"/Users/astigmatograf/Desktop/ToptanNext/apps/api/src/modules/categories/dto/update-category.dto.ts", "TypeScript", 20, 0, 0, 0, 0, 0, 0, 0, 0, 0, 0, 0, 0, 0, 0, 5, 25
"/Users/astigmatograf/Desktop/ToptanNext/apps/api/src/modules/conversations/conversations.controller.ts", "TypeScript", 142, 0, 0, 0, 0, 0, 0, 0, 0, 0, 0, 0, 0, 0, 0, 19, 161
"/Users/astigmatograf/Desktop/ToptanNext/apps/api/src/modules/conversations/conversations.gateway.ts", "TypeScript", 300, 0, 0, 0, 0, 0, 0, 0, 0, 0, 0, 0, 0, 0, 0, 42, 342
"/Users/astigmatograf/Desktop/ToptanNext/apps/api/src/modules/conversations/conversations.module.ts", "TypeScript", 15, 0, 0, 0, 0, 0, 0, 0, 0, 0, 0, 0, 0, 0, 0, 2, 17
"/Users/astigmatograf/Desktop/ToptanNext/apps/api/src/modules/conversations/conversations.service.spec.ts", "TypeScript", 142, 0, 0, 0, 0, 0, 0, 0, 0, 0, 0, 0, 0, 0, 0, 18, 160
"/Users/astigmatograf/Desktop/ToptanNext/apps/api/src/modules/conversations/conversations.service.ts", "TypeScript", 1873, 0, 0, 0, 0, 0, 0, 0, 0, 0, 0, 0, 0, 0, 0, 160, 2033
"/Users/astigmatograf/Desktop/ToptanNext/apps/api/src/modules/conversations/dto/create-conversation.dto.ts", "TypeScript", 15, 0, 0, 0, 0, 0, 0, 0, 0, 0, 0, 0, 0, 0, 0, 4, 19
"/Users/astigmatograf/Desktop/ToptanNext/apps/api/src/modules/conversations/dto/create-logistics-offer.dto.ts", "TypeScript", 29, 0, 0, 0, 0, 0, 0, 0, 0, 0, 0, 0, 0, 0, 0, 6, 35
"/Users/astigmatograf/Desktop/ToptanNext/apps/api/src/modules/conversations/dto/create-logistics-request.dto.ts", "TypeScript", 25, 0, 0, 0, 0, 0, 0, 0, 0, 0, 0, 0, 0, 0, 0, 7, 32
"/Users/astigmatograf/Desktop/ToptanNext/apps/api/src/modules/conversations/dto/create-quote.dto.ts", "TypeScript", 40, 0, 0, 0, 0, 0, 0, 0, 0, 0, 0, 0, 0, 0, 0, 8, 48
"/Users/astigmatograf/Desktop/ToptanNext/apps/api/src/modules/conversations/dto/mark-as-read.dto.ts", "TypeScript", 8, 0, 0, 0, 0, 0, 0, 0, 0, 0, 0, 0, 0, 0, 0, 3, 11
"/Users/astigmatograf/Desktop/ToptanNext/apps/api/src/modules/conversations/dto/send-message.dto.ts", "TypeScript", 38, 0, 0, 0, 0, 0, 0, 0, 0, 0, 0, 0, 0, 0, 0, 9, 47
"/Users/astigmatograf/Desktop/ToptanNext/apps/api/src/modules/conversations/logistics.controller.ts", "TypeScript", 88, 0, 0, 0, 0, 0, 0, 0, 0, 0, 0, 0, 0, 0, 0, 13, 101
"/Users/astigmatograf/Desktop/ToptanNext/apps/api/src/modules/logistics-applications/dto/review-logistics-application.dto.ts", "TypeScript", 14, 0, 0, 0, 0, 0, 0, 0, 0, 0, 0, 0, 0, 0, 0, 3, 17
"/Users/astigmatograf/Desktop/ToptanNext/apps/api/src/modules/logistics-applications/dto/upsert-logistics-application-contact-finance.dto.ts", "TypeScript", 65, 0, 0, 0, 0, 0, 0, 0, 0, 0, 0, 0, 0, 0, 0, 13, 78
"/Users/astigmatograf/Desktop/ToptanNext/apps/api/src/modules/logistics-applications/dto/upsert-logistics-application-documents.dto.ts", "TypeScript", 28, 0, 0, 0, 0, 0, 0, 0, 0, 0, 0, 0, 0, 0, 0, 7, 35
"/Users/astigmatograf/Desktop/ToptanNext/apps/api/src/modules/logistics-applications/dto/upsert-logistics-application.dto.ts", "TypeScript", 67, 0, 0, 0, 0, 0, 0, 0, 0, 0, 0, 0, 0, 0, 0, 12, 79
"/Users/astigmatograf/Desktop/ToptanNext/apps/api/src/modules/logistics-applications/logistics-applications.controller.ts", "TypeScript", 400, 0, 0, 0, 0, 0, 0, 0, 0, 0, 0, 0, 0, 0, 0, 52, 452
"/Users/astigmatograf/Desktop/ToptanNext/apps/api/src/modules/logistics-applications/logistics-applications.module.ts", "TypeScript", 9, 0, 0, 0, 0, 0, 0, 0, 0, 0, 0, 0, 0, 0, 0, 2, 11
"/Users/astigmatograf/Desktop/ToptanNext/apps/api/src/modules/logistics-applications/logistics-applications.repository.ts", "TypeScript", 435, 0, 0, 0, 0, 0, 0, 0, 0, 0, 0, 0, 0, 0, 0, 31, 466
"/Users/astigmatograf/Desktop/ToptanNext/apps/api/src/modules/logistics-applications/logistics-applications.service.ts", "TypeScript", 294, 0, 0, 0, 0, 0, 0, 0, 0, 0, 0, 0, 0, 0, 1, 54, 349
"/Users/astigmatograf/Desktop/ToptanNext/apps/api/src/modules/notifications/notifications.constants.ts", "TypeScript", 9, 0, 0, 0, 0, 0, 0, 0, 0, 0, 0, 0, 0, 0, 0, 3, 12
"/Users/astigmatograf/Desktop/ToptanNext/apps/api/src/modules/notifications/notifications.module.ts", "TypeScript", 25, 0, 0, 0, 0, 0, 0, 0, 0, 0, 0, 0, 0, 0, 0, 3, 28
"/Users/astigmatograf/Desktop/ToptanNext/apps/api/src/modules/notifications/notifications.processor.ts", "TypeScript", 121, 0, 0, 0, 0, 0, 0, 0, 0, 0, 0, 0, 0, 0, 0, 18, 139
"/Users/astigmatograf/Desktop/ToptanNext/apps/api/src/modules/notifications/notifications.service.ts", "TypeScript", 103, 0, 0, 0, 0, 0, 0, 0, 0, 0, 0, 0, 0, 0, 0, 14, 117
"/Users/astigmatograf/Desktop/ToptanNext/apps/api/src/modules/payment-cards/payment-cards.controller.ts", "TypeScript", 70, 0, 0, 0, 0, 0, 0, 0, 0, 0, 0, 0, 0, 0, 0, 13, 83
"/Users/astigmatograf/Desktop/ToptanNext/apps/api/src/modules/payment-cards/payment-cards.module.ts", "TypeScript", 9, 0, 0, 0, 0, 0, 0, 0, 0, 0, 0, 0, 0, 0, 0, 2, 11
"/Users/astigmatograf/Desktop/ToptanNext/apps/api/src/modules/payment-cards/payment-cards.service.ts", "TypeScript", 130, 0, 0, 0, 0, 0, 0, 0, 0, 0, 0, 0, 0, 0, 0, 32, 162
"/Users/astigmatograf/Desktop/ToptanNext/apps/api/src/modules/products/dto/create-product-listing-step-one.dto.ts", "TypeScript", 163, 0, 0, 0, 0, 0, 0, 0, 0, 0, 0, 0, 0, 0, 0, 34, 197
"/Users/astigmatograf/Desktop/ToptanNext/apps/api/src/modules/products/dto/create-product.dto.ts", "TypeScript", 14, 0, 0, 0, 0, 0, 0, 0, 0, 0, 0, 0, 0, 0, 0, 5, 19
"/Users/astigmatograf/Desktop/ToptanNext/apps/api/src/modules/products/dto/review-product-listing.dto.ts", "TypeScript", 13, 0, 0, 0, 0, 0, 0, 0, 0, 0, 0, 0, 0, 0, 0, 5, 18
"/Users/astigmatograf/Desktop/ToptanNext/apps/api/src/modules/products/dto/submit-product-listing.dto.ts", "TypeScript", 5, 0, 0, 0, 0, 0, 0, 0, 0, 0, 0, 0, 0, 0, 0, 2, 7
"/Users/astigmatograf/Desktop/ToptanNext/apps/api/src/modules/products/dto/update-product-listing-active-status.dto.ts", "TypeScript", 5, 0, 0, 0, 0, 0, 0, 0, 0, 0, 0, 0, 0, 0, 0, 2, 7
"/Users/astigmatograf/Desktop/ToptanNext/apps/api/src/modules/products/dto/update-product-listing-step-three.dto.ts", "TypeScript", 54, 0, 0, 0, 0, 0, 0, 0, 0, 0, 0, 0, 0, 0, 0, 10, 64
"/Users/astigmatograf/Desktop/ToptanNext/apps/api/src/modules/products/dto/update-product-listing-step-two.dto.ts", "TypeScript", 53, 0, 0, 0, 0, 0, 0, 0, 0, 0, 0, 0, 0, 0, 0, 9, 62
"/Users/astigmatograf/Desktop/ToptanNext/apps/api/src/modules/products/products.controller.ts", "TypeScript", 734, 0, 0, 0, 0, 0, 0, 0, 0, 0, 0, 0, 0, 0, 0, 93, 827
"/Users/astigmatograf/Desktop/ToptanNext/apps/api/src/modules/products/products.module.ts", "TypeScript", 12, 0, 0, 0, 0, 0, 0, 0, 0, 0, 0, 0, 0, 0, 0, 2, 14
"/Users/astigmatograf/Desktop/ToptanNext/apps/api/src/modules/products/products.repository.ts", "TypeScript", 1269, 0, 0, 0, 0, 0, 0, 0, 0, 0, 0, 0, 0, 0, 1, 148, 1418
"/Users/astigmatograf/Desktop/ToptanNext/apps/api/src/modules/products/products.service.ts", "TypeScript", 1081, 0, 0, 0, 0, 0, 0, 0, 0, 0, 0, 0, 0, 0, 0, 202, 1283
"/Users/astigmatograf/Desktop/ToptanNext/apps/api/src/modules/quotes/dto/create-counter-offer.dto.ts", "TypeScript", 2, 0, 0, 0, 0, 0, 0, 0, 0, 0, 0, 0, 0, 0, 0, 2, 4
"/Users/astigmatograf/Desktop/ToptanNext/apps/api/src/modules/quotes/quotes.controller.ts", "TypeScript", 72, 0, 0, 0, 0, 0, 0, 0, 0, 0, 0, 0, 0, 0, 0, 11, 83
"/Users/astigmatograf/Desktop/ToptanNext/apps/api/src/modules/quotes/quotes.module.ts", "TypeScript", 12, 0, 0, 0, 0, 0, 0, 0, 0, 0, 0, 0, 0, 0, 0, 2, 14
"/Users/astigmatograf/Desktop/ToptanNext/apps/api/src/modules/quotes/quotes.service.spec.ts", "TypeScript", 493, 0, 0, 0, 0, 0, 0, 0, 0, 0, 0, 0, 0, 0, 0, 50, 543
"/Users/astigmatograf/Desktop/ToptanNext/apps/api/src/modules/quotes/quotes.service.ts", "TypeScript", 1031, 0, 0, 0, 0, 0, 0, 0, 0, 0, 0, 0, 0, 0, 0, 116, 1147
"/Users/astigmatograf/Desktop/ToptanNext/apps/api/src/modules/sectors/dto/create-sector.dto.ts", "TypeScript", 16, 0, 0, 0, 0, 0, 0, 0, 0, 0, 0, 0, 0, 0, 0, 4, 20
"/Users/astigmatograf/Desktop/ToptanNext/apps/api/src/modules/sectors/dto/reorder-sectors.dto.ts", "TypeScript", 24, 0, 0, 0, 0, 0, 0, 0, 0, 0, 0, 0, 0, 0, 0, 4, 28
"/Users/astigmatograf/Desktop/ToptanNext/apps/api/src/modules/sectors/dto/update-sector.dto.ts", "TypeScript", 17, 0, 0, 0, 0, 0, 0, 0, 0, 0, 0, 0, 0, 0, 0, 4, 21
"/Users/astigmatograf/Desktop/ToptanNext/apps/api/src/modules/sectors/sectors.controller.ts", "TypeScript", 106, 0, 0, 0, 0, 0, 0, 0, 0, 0, 0, 0, 0, 0, 0, 21, 127
"/Users/astigmatograf/Desktop/ToptanNext/apps/api/src/modules/sectors/sectors.module.ts", "TypeScript", 10, 0, 0, 0, 0, 0, 0, 0, 0, 0, 0, 0, 0, 0, 0, 2, 12
"/Users/astigmatograf/Desktop/ToptanNext/apps/api/src/modules/sectors/sectors.repository.ts", "TypeScript", 194, 0, 0, 0, 0, 0, 0, 0, 0, 0, 0, 0, 0, 0, 0, 40, 234
"/Users/astigmatograf/Desktop/ToptanNext/apps/api/src/modules/sectors/sectors.service.ts", "TypeScript", 124, 0, 0, 0, 0, 0, 0, 0, 0, 0, 0, 0, 0, 0, 0, 32, 156
"/Users/astigmatograf/Desktop/ToptanNext/apps/api/src/modules/supplier-applications/dto/review-supplier-application.dto.ts", "TypeScript", 14, 0, 0, 0, 0, 0, 0, 0, 0, 0, 0, 0, 0, 0, 0, 3, 17
"/Users/astigmatograf/Desktop/ToptanNext/apps/api/src/modules/supplier-applications/dto/upsert-supplier-application-contact-finance.dto.ts", "TypeScript", 54, 0, 0, 0, 0, 0, 0, 0, 0, 0, 0, 0, 0, 0, 0, 13, 67
"/Users/astigmatograf/Desktop/ToptanNext/apps/api/src/modules/supplier-applications/dto/upsert-supplier-application-documents.dto.ts", "TypeScript", 28, 0, 0, 0, 0, 0, 0, 0, 0, 0, 0, 0, 0, 0, 0, 7, 35
"/Users/astigmatograf/Desktop/ToptanNext/apps/api/src/modules/supplier-applications/dto/upsert-supplier-application.dto.ts", "TypeScript", 54, 0, 0, 0, 0, 0, 0, 0, 0, 0, 0, 0, 0, 0, 0, 11, 65
"/Users/astigmatograf/Desktop/ToptanNext/apps/api/src/modules/supplier-applications/supplier-applications.controller.ts", "TypeScript", 401, 0, 0, 0, 0, 0, 0, 0, 0, 0, 0, 0, 0, 0, 0, 52, 453
"/Users/astigmatograf/Desktop/ToptanNext/apps/api/src/modules/supplier-applications/supplier-applications.module.ts", "TypeScript", 9, 0, 0, 0, 0, 0, 0, 0, 0, 0, 0, 0, 0, 0, 0, 2, 11
"/Users/astigmatograf/Desktop/ToptanNext/apps/api/src/modules/supplier-applications/supplier-applications.repository.ts", "TypeScript", 422, 0, 0, 0, 0, 0, 0, 0, 0, 0, 0, 0, 0, 0, 0, 32, 454
"/Users/astigmatograf/Desktop/ToptanNext/apps/api/src/modules/supplier-applications/supplier-applications.service.ts", "TypeScript", 303, 0, 0, 0, 0, 0, 0, 0, 0, 0, 0, 0, 0, 0, 1, 56, 360
"/Users/astigmatograf/Desktop/ToptanNext/apps/api/src/modules/uploads/dto/get-presigned-url.dto.ts", "TypeScript", 15, 0, 0, 0, 0, 0, 0, 0, 0, 0, 0, 0, 0, 0, 0, 4, 19
"/Users/astigmatograf/Desktop/ToptanNext/apps/api/src/modules/uploads/uploads.controller.ts", "TypeScript", 53, 0, 0, 0, 0, 0, 0, 0, 0, 0, 0, 0, 0, 0, 0, 8, 61
"/Users/astigmatograf/Desktop/ToptanNext/apps/api/src/modules/uploads/uploads.module.ts", "TypeScript", 9, 0, 0, 0, 0, 0, 0, 0, 0, 0, 0, 0, 0, 0, 0, 2, 11
"/Users/astigmatograf/Desktop/ToptanNext/apps/api/src/modules/uploads/uploads.service.ts", "TypeScript", 229, 0, 0, 0, 0, 0, 0, 0, 0, 0, 0, 0, 0, 0, 0, 42, 271
"/Users/astigmatograf/Desktop/ToptanNext/apps/api/src/modules/users/dto/update-user-active-status.dto.ts", "TypeScript", 5, 0, 0, 0, 0, 0, 0, 0, 0, 0, 0, 0, 0, 0, 0, 2, 7
"/Users/astigmatograf/Desktop/ToptanNext/apps/api/src/modules/users/dto/update-user-profile.dto.ts", "TypeScript", 18, 0, 0, 0, 0, 0, 0, 0, 0, 0, 0, 0, 0, 0, 0, 5, 23
"/Users/astigmatograf/Desktop/ToptanNext/apps/api/src/modules/users/entities/user.entity.ts", "TypeScript", 27, 0, 0, 0, 0, 0, 0, 0, 0, 0, 0, 0, 0, 0, 0, 3, 30
"/Users/astigmatograf/Desktop/ToptanNext/apps/api/src/modules/users/users.controller.ts", "TypeScript", 119, 0, 0, 0, 0, 0, 0, 0, 0, 0, 0, 0, 0, 0, 0, 22, 141
"/Users/astigmatograf/Desktop/ToptanNext/apps/api/src/modules/users/users.module.ts", "TypeScript", 10, 0, 0, 0, 0, 0, 0, 0, 0, 0, 0, 0, 0, 0, 0, 2, 12
"/Users/astigmatograf/Desktop/ToptanNext/apps/api/src/modules/users/users.repository.spec.ts", "TypeScript", 97, 0, 0, 0, 0, 0, 0, 0, 0, 0, 0, 0, 0, 0, 0, 11, 108
"/Users/astigmatograf/Desktop/ToptanNext/apps/api/src/modules/users/users.repository.ts", "TypeScript", 243, 0, 0, 0, 0, 0, 0, 0, 0, 0, 0, 0, 0, 0, 0, 34, 277
"/Users/astigmatograf/Desktop/ToptanNext/apps/api/src/modules/users/users.service.spec.ts", "TypeScript", 61, 0, 0, 0, 0, 0, 0, 0, 0, 0, 0, 0, 0, 0, 0, 15, 76
"/Users/astigmatograf/Desktop/ToptanNext/apps/api/src/modules/users/users.service.ts", "TypeScript", 357, 0, 0, 0, 0, 0, 0, 0, 0, 0, 0, 0, 0, 0, 0, 64, 421
"/Users/astigmatograf/Desktop/ToptanNext/apps/api/src/prisma/prisma.module.ts", "TypeScript", 8, 0, 0, 0, 0, 0, 0, 0, 0, 0, 0, 0, 0, 0, 0, 2, 10
"/Users/astigmatograf/Desktop/ToptanNext/apps/api/src/prisma/prisma.service.ts", "TypeScript", 11, 0, 0, 0, 0, 0, 0, 0, 0, 0, 0, 0, 0, 0, 0, 3, 14
"/Users/astigmatograf/Desktop/ToptanNext/apps/api/src/realtime/realtime.module.ts", "TypeScript", 8, 0, 0, 0, 0, 0, 0, 0, 0, 0, 0, 0, 0, 0, 0, 2, 10
"/Users/astigmatograf/Desktop/ToptanNext/apps/api/src/realtime/realtime.service.ts", "TypeScript", 21, 0, 0, 0, 0, 0, 0, 0, 0, 0, 0, 0, 0, 0, 0, 7, 28
"/Users/astigmatograf/Desktop/ToptanNext/apps/api/src/redis/redis.module.ts", "TypeScript", 10, 0, 0, 0, 0, 0, 0, 0, 0, 0, 0, 0, 0, 0, 0, 2, 12
"/Users/astigmatograf/Desktop/ToptanNext/apps/api/src/redis/redis.service.ts", "TypeScript", 108, 0, 0, 0, 0, 0, 0, 0, 0, 0, 0, 0, 0, 0, 0, 24, 132
"/Users/astigmatograf/Desktop/ToptanNext/apps/api/src/socket-io.adapter.ts", "TypeScript", 33, 0, 0, 0, 0, 0, 0, 0, 0, 0, 0, 0, 0, 0, 0, 9, 42
"/Users/astigmatograf/Desktop/ToptanNext/apps/api/test/app.e2e-spec.ts", "TypeScript", 20, 0, 0, 0, 0, 0, 0, 0, 0, 0, 0, 0, 0, 0, 0, 5, 25
"/Users/astigmatograf/Desktop/ToptanNext/apps/api/test/chat.e2e-spec.ts", "TypeScript", 116, 0, 0, 0, 0, 0, 0, 0, 0, 0, 0, 0, 0, 0, 0, 21, 137
"/Users/astigmatograf/Desktop/ToptanNext/apps/api/test/jest-e2e.json", "JSON", 0, 0, 0, 0, 9, 0, 0, 0, 0, 0, 0, 0, 0, 0, 0, 1, 10
"/Users/astigmatograf/Desktop/ToptanNext/apps/api/test_script.js", "JavaScript", 0, 0, 0, 0, 0, 0, 54, 0, 0, 0, 0, 0, 0, 0, 0, 10, 64
"/Users/astigmatograf/Desktop/ToptanNext/apps/api/tsconfig.build.json", "JSON", 0, 0, 0, 0, 4, 0, 0, 0, 0, 0, 0, 0, 0, 0, 0, 1, 5
"/Users/astigmatograf/Desktop/ToptanNext/apps/api/tsconfig.json", "JSON with Comments", 0, 0, 0, 20, 0, 0, 0, 0, 0, 0, 0, 0, 0, 0, 0, 1, 21
"/Users/astigmatograf/Desktop/ToptanNext/apps/web/.eslintrc.json", "JSON with Comments", 0, 0, 0, 3, 0, 0, 0, 0, 0, 0, 0, 0, 0, 0, 0, 1, 4
"/Users/astigmatograf/Desktop/ToptanNext/apps/web/Dockerfile", "Docker", 0, 0, 0, 0, 0, 0, 0, 0, 0, 0, 0, 10, 0, 0, 0, 6, 16
"/Users/astigmatograf/Desktop/ToptanNext/apps/web/README.md", "Markdown", 0, 0, 22, 0, 0, 0, 0, 0, 0, 0, 0, 0, 0, 0, 0, 13, 35
"/Users/astigmatograf/Desktop/ToptanNext/apps/web/jest.config.ts", "TypeScript", 20, 0, 0, 0, 0, 0, 0, 0, 0, 0, 0, 0, 0, 0, 0, 2, 22
"/Users/astigmatograf/Desktop/ToptanNext/apps/web/jest.setup.ts", "TypeScript", 15, 0, 0, 0, 0, 0, 0, 0, 0, 0, 0, 0, 0, 0, 0, 2, 17
"/Users/astigmatograf/Desktop/ToptanNext/apps/web/next.config.mjs", "JavaScript", 0, 0, 0, 0, 0, 0, 12, 0, 0, 0, 0, 0, 0, 0, 1, 2, 15
"/Users/astigmatograf/Desktop/ToptanNext/apps/web/package.json", "JSON", 0, 0, 0, 0, 61, 0, 0, 0, 0, 0, 0, 0, 0, 0, 0, 1, 62
"/Users/astigmatograf/Desktop/ToptanNext/apps/web/postcss.config.mjs", "JavaScript", 0, 0, 0, 0, 0, 0, 6, 0, 0, 0, 0, 0, 0, 0, 1, 2, 9
"/Users/astigmatograf/Desktop/ToptanNext/apps/web/public/next.svg", "XML", 0, 0, 0, 0, 0, 0, 0, 0, 0, 0, 1, 0, 0, 0, 0, 0, 1
"/Users/astigmatograf/Desktop/ToptanNext/apps/web/public/vercel.svg", "XML", 0, 0, 0, 0, 0, 0, 0, 0, 0, 0, 1, 0, 0, 0, 0, 0, 1
"/Users/astigmatograf/Desktop/ToptanNext/apps/web/scripts/ensure-middleware-manifest.mjs", "JavaScript", 0, 0, 0, 0, 0, 0, 23, 0, 0, 0, 0, 0, 0, 0, 1, 5, 29
"/Users/astigmatograf/Desktop/ToptanNext/apps/web/src/app/(account)/_components/AccountLayoutShell.tsx", "TypeScript JSX", 0, 0, 0, 0, 0, 0, 0, 0, 0, 245, 0, 0, 0, 0, 1, 40, 286
"/Users/astigmatograf/Desktop/ToptanNext/apps/web/src/app/(account)/_components/AccountSectionPlaceholder.tsx", "TypeScript JSX", 0, 0, 0, 0, 0, 0, 0, 0, 0, 12, 0, 0, 0, 0, 0, 2, 14
"/Users/astigmatograf/Desktop/ToptanNext/apps/web/src/app/(account)/_components/SellerPanelShell.tsx", "TypeScript JSX", 0, 0, 0, 0, 0, 0, 0, 0, 0, 127, 0, 0, 0, 0, 0, 18, 145
"/Users/astigmatograf/Desktop/ToptanNext/apps/web/src/app/(account)/_components/account-menu.ts", "TypeScript", 42, 0, 0, 0, 0, 0, 0, 0, 0, 0, 0, 0, 0, 0, 0, 9, 51
"/Users/astigmatograf/Desktop/ToptanNext/apps/web/src/app/(account)/adres-bilgilerim/page.tsx", "TypeScript JSX", 0, 0, 0, 0, 0, 0, 0, 0, 0, 147, 0, 0, 0, 0, 0, 21, 168
"/Users/astigmatograf/Desktop/ToptanNext/apps/web/src/app/(account)/duyuru-tercihlerim/page.tsx", "TypeScript JSX", 0, 0, 0, 0, 0, 0, 0, 0, 0, 6, 0, 0, 0, 0, 0, 2, 8
"/Users/astigmatograf/Desktop/ToptanNext/apps/web/src/app/(account)/favorilerim/page.tsx", "TypeScript JSX", 0, 0, 0, 0, 0, 0, 0, 0, 0, 67, 0, 0, 0, 0, 0, 9, 76
"/Users/astigmatograf/Desktop/ToptanNext/apps/web/src/app/(account)/kayitli-kartlarim/page.tsx", "TypeScript JSX", 0, 0, 0, 0, 0, 0, 0, 0, 0, 140, 0, 0, 0, 0, 0, 18, 158
"/Users/astigmatograf/Desktop/ToptanNext/apps/web/src/app/(account)/kullanici-bilgilerim/page.tsx", "TypeScript JSX", 0, 0, 0, 0, 0, 0, 0, 0, 0, 201, 0, 0, 0, 0, 0, 33, 234
"/Users/astigmatograf/Desktop/ToptanNext/apps/web/src/app/(account)/layout.tsx", "TypeScript JSX", 0, 0, 0, 0, 0, 0, 0, 0, 0, 8, 0, 0, 0, 0, 0, 3, 11
"/Users/astigmatograf/Desktop/ToptanNext/apps/web/src/app/(account)/satici-panelim/[section]/page.tsx", "TypeScript JSX", 0, 0, 0, 0, 0, 0, 0, 0, 0, 31, 0, 0, 0, 0, 0, 7, 38
"/Users/astigmatograf/Desktop/ToptanNext/apps/web/src/app/(account)/satici-panelim/mesajlar/page.tsx", "TypeScript JSX", 0, 0, 0, 0, 0, 0, 0, 0, 0, 9, 0, 0, 0, 0, 0, 2, 11
"/Users/astigmatograf/Desktop/ToptanNext/apps/web/src/app/(account)/satici-panelim/page.tsx", "TypeScript JSX", 0, 0, 0, 0, 0, 0, 0, 0, 0, 9, 0, 0, 0, 0, 0, 2, 11
"/Users/astigmatograf/Desktop/ToptanNext/apps/web/src/app/(account)/satici-panelim/urun-yukle/page.tsx", "TypeScript JSX", 0, 0, 0, 0, 0, 0, 0, 0, 0, 3087, 0, 0, 0, 0, 0, 339, 3426
"/Users/astigmatograf/Desktop/ToptanNext/apps/web/src/app/(account)/satici-panelim/urunlerim/page.tsx", "TypeScript JSX", 0, 0, 0, 0, 0, 0, 0, 0, 0, 661, 0, 0, 0, 0, 3, 73, 737
"/Users/astigmatograf/Desktop/ToptanNext/apps/web/src/app/(account)/sifre-degisikligi/page.tsx", "TypeScript JSX", 0, 0, 0, 0, 0, 0, 0, 0, 0, 6, 0, 0, 0, 0, 0, 2, 8
"/Users/astigmatograf/Desktop/ToptanNext/apps/web/src/app/(account)/siparislerim/page.tsx", "TypeScript JSX", 0, 0, 0, 0, 0, 0, 0, 0, 0, 6, 0, 0, 0, 0, 0, 2, 8
"/Users/astigmatograf/Desktop/ToptanNext/apps/web/src/app/(auth)/forgot-password/page.tsx", "TypeScript JSX", 0, 0, 0, 0, 0, 0, 0, 0, 0, 109, 0, 0, 0, 0, 0, 12, 121
"/Users/astigmatograf/Desktop/ToptanNext/apps/web/src/app/(auth)/layout.tsx", "TypeScript JSX", 0, 0, 0, 0, 0, 0, 0, 0, 0, 38, 0, 0, 0, 0, 0, 5, 43
"/Users/astigmatograf/Desktop/ToptanNext/apps/web/src/app/(auth)/login/page.tsx", "TypeScript JSX", 0, 0, 0, 0, 0, 0, 0, 0, 0, 219, 0, 0, 0, 0, 0, 23, 242
"/Users/astigmatograf/Desktop/ToptanNext/apps/web/src/app/(auth)/register/page.tsx", "TypeScript JSX", 0, 0, 0, 0, 0, 0, 0, 0, 0, 377, 0, 0, 0, 0, 0, 33, 410
"/Users/astigmatograf/Desktop/ToptanNext/apps/web/src/app/(dashboard)/messages/[conversationId]/page.tsx", "TypeScript JSX", 0, 0, 0, 0, 0, 0, 0, 0, 0, 9, 0, 0, 0, 0, 0, 3, 12
"/Users/astigmatograf/Desktop/ToptanNext/apps/web/src/app/(dashboard)/messages/layout.tsx", "TypeScript JSX", 0, 0, 0, 0, 0, 0, 0, 0, 0, 40, 0, 0, 0, 0, 0, 7, 47
"/Users/astigmatograf/Desktop/ToptanNext/apps/web/src/app/(dashboard)/messages/page.tsx", "TypeScript JSX", 0, 0, 0, 0, 0, 0, 0, 0, 0, 12, 0, 0, 0, 0, 0, 2, 14
"/Users/astigmatograf/Desktop/ToptanNext/apps/web/src/app/admin/_components/AdminPageHeader.tsx", "TypeScript JSX", 0, 0, 0, 0, 0, 0, 0, 0, 0, 17, 0, 0, 0, 0, 0, 2, 19
"/Users/astigmatograf/Desktop/ToptanNext/apps/web/src/app/admin/_components/AdminShell.tsx", "TypeScript JSX", 0, 0, 0, 0, 0, 0, 0, 0, 0, 293, 0, 0, 0, 0, 1, 35, 329
"/Users/astigmatograf/Desktop/ToptanNext/apps/web/src/app/admin/finans-ve-muhasebe/page.tsx", "TypeScript JSX", 0, 0, 0, 0, 0, 0, 0, 0, 0, 432, 0, 0, 0, 0, 0, 18, 450
"/Users/astigmatograf/Desktop/ToptanNext/apps/web/src/app/admin/kategori-ve-sektorler/page.tsx", "TypeScript JSX", 0, 0, 0, 0, 0, 0, 0, 0, 0, 1301, 0, 0, 0, 0, 0, 178, 1479
"/Users/astigmatograf/Desktop/ToptanNext/apps/web/src/app/admin/kullanici-yonetimi/page.tsx", "TypeScript JSX", 0, 0, 0, 0, 0, 0, 0, 0, 0, 684, 0, 0, 0, 0, 0, 79, 763
"/Users/astigmatograf/Desktop/ToptanNext/apps/web/src/app/admin/layout.tsx", "TypeScript JSX", 0, 0, 0, 0, 0, 0, 0, 0, 0, 8, 0, 0, 0, 0, 0, 2, 10
"/Users/astigmatograf/Desktop/ToptanNext/apps/web/src/app/admin/lojistik-basvurulari/page.tsx", "TypeScript JSX", 0, 0, 0, 0, 0, 0, 0, 0, 0, 845, 0, 0, 0, 0, 0, 88, 933
"/Users/astigmatograf/Desktop/ToptanNext/apps/web/src/app/admin/page.tsx", "TypeScript JSX", 0, 0, 0, 0, 0, 0, 0, 0, 0, 321, 0, 0, 0, 0, 0, 15, 336
"/Users/astigmatograf/Desktop/ToptanNext/apps/web/src/app/admin/satici-basvurulari/page.tsx", "TypeScript JSX", 0, 0, 0, 0, 0, 0, 0, 0, 0, 802, 0, 0, 0, 0, 0, 88, 890
"/Users/astigmatograf/Desktop/ToptanNext/apps/web/src/app/admin/urun-yonetimi/page.tsx", "TypeScript JSX", 0, 0, 0, 0, 0, 0, 0, 0, 0, 1342, 0, 0, 0, 0, 0, 89, 1431
"/Users/astigmatograf/Desktop/ToptanNext/apps/web/src/app/components/AccountNavLink.tsx", "TypeScript JSX", 0, 0, 0, 0, 0, 0, 0, 0, 0, 215, 0, 0, 0, 0, 1, 33, 249
"/Users/astigmatograf/Desktop/ToptanNext/apps/web/src/app/components/CategoryMegaMenu.tsx", "TypeScript JSX", 0, 0, 0, 0, 0, 0, 0, 0, 0, 150, 0, 0, 0, 0, 0, 25, 175
"/Users/astigmatograf/Desktop/ToptanNext/apps/web/src/app/components/FeaturedSectorsCarousel.tsx", "TypeScript JSX", 0, 0, 0, 0, 0, 0, 0, 0, 0, 210, 0, 0, 0, 0, 0, 22, 232
"/Users/astigmatograf/Desktop/ToptanNext/apps/web/src/app/components/HomeHeroSlider.tsx", "TypeScript JSX", 0, 0, 0, 0, 0, 0, 0, 0, 0, 117, 0, 0, 0, 0, 0, 14, 131
"/Users/astigmatograf/Desktop/ToptanNext/apps/web/src/app/components/MainFooter.tsx", "TypeScript JSX", 0, 0, 0, 0, 0, 0, 0, 0, 0, 83, 0, 0, 0, 0, 0, 2, 85
"/Users/astigmatograf/Desktop/ToptanNext/apps/web/src/app/components/MainHeader.tsx", "TypeScript JSX", 0, 0, 0, 0, 0, 0, 0, 0, 0, 497, 0, 0, 0, 0, 2, 47, 546
"/Users/astigmatograf/Desktop/ToptanNext/apps/web/src/app/components/ProductCard.tsx", "TypeScript JSX", 0, 0, 0, 0, 0, 0, 0, 0, 0, 87, 0, 0, 0, 0, 1, 10, 98
"/Users/astigmatograf/Desktop/ToptanNext/apps/web/src/app/components/PublicListingView.tsx", "TypeScript JSX", 0, 0, 0, 0, 0, 0, 0, 0, 0, 411, 0, 0, 0, 0, 0, 57, 468
"/Users/astigmatograf/Desktop/ToptanNext/apps/web/src/app/components/PublicProductDetailView.tsx", "TypeScript JSX", 0, 0, 0, 0, 0, 0, 0, 0, 0, 1151, 0, 0, 0, 0, 3, 138, 1292
"/Users/astigmatograf/Desktop/ToptanNext/apps/web/src/app/globals.css", "PostCSS", 0, 0, 0, 0, 0, 0, 0, 0, 0, 0, 0, 0, 27, 0, 0, 8, 35
"/Users/astigmatograf/Desktop/ToptanNext/apps/web/src/app/kategori/[slug]/page.tsx", "TypeScript JSX", 0, 0, 0, 0, 0, 0, 0, 0, 0, 9, 0, 0, 0, 0, 0, 3, 12
"/Users/astigmatograf/Desktop/ToptanNext/apps/web/src/app/kategoriler/page.tsx", "TypeScript JSX", 0, 0, 0, 0, 0, 0, 0, 0, 0, 192, 0, 0, 0, 0, 0, 29, 221
"/Users/astigmatograf/Desktop/ToptanNext/apps/web/src/app/kesfet/KesfetListing.tsx", "TypeScript JSX", 0, 0, 0, 0, 0, 0, 0, 0, 0, 264, 0, 0, 0, 0, 0, 38, 302
"/Users/astigmatograf/Desktop/ToptanNext/apps/web/src/app/kesfet/[slug]/page.tsx", "TypeScript JSX", 0, 0, 0, 0, 0, 0, 0, 0, 0, 10, 0, 0, 0, 0, 0, 4, 14
"/Users/astigmatograf/Desktop/ToptanNext/apps/web/src/app/kesfet/page.tsx", "TypeScript JSX", 0, 0, 0, 0, 0, 0, 0, 0, 0, 4, 0, 0, 0, 0, 0, 2, 6
"/Users/astigmatograf/Desktop/ToptanNext/apps/web/src/app/layout.tsx", "TypeScript JSX", 0, 0, 0, 0, 0, 0, 0, 0, 0, 22, 0, 0, 0, 0, 0, 4, 26
"/Users/astigmatograf/Desktop/ToptanNext/apps/web/src/app/lojistik/(panel)/acik-talepler/page.tsx", "TypeScript JSX", 0, 0, 0, 0, 0, 0, 0, 0, 0, 257, 0, 0, 0, 0, 0, 23, 280
"/Users/astigmatograf/Desktop/ToptanNext/apps/web/src/app/lojistik/(panel)/layout.tsx", "TypeScript JSX", 0, 0, 0, 0, 0, 0, 0, 0, 0, 33, 0, 0, 0, 0, 0, 10, 43
"/Users/astigmatograf/Desktop/ToptanNext/apps/web/src/app/lojistik/(panel)/mesajlar/[conversationId]/page.tsx", "TypeScript JSX", 0, 0, 0, 0, 0, 0, 0, 0, 0, 22, 0, 0, 0, 0, 0, 3, 25
"/Users/astigmatograf/Desktop/ToptanNext/apps/web/src/app/lojistik/(panel)/mesajlar/layout.tsx", "TypeScript JSX", 0, 0, 0, 0, 0, 0, 0, 0, 0, 8, 0, 0, 0, 0, 0, 3, 11
"/Users/astigmatograf/Desktop/ToptanNext/apps/web/src/app/lojistik/(panel)/mesajlar/page.tsx", "TypeScript JSX", 0, 0, 0, 0, 0, 0, 0, 0, 0, 21, 0, 0, 0, 0, 0, 2, 23
"/Users/astigmatograf/Desktop/ToptanNext/apps/web/src/app/lojistik/(panel)/verdigim-teklifler/page.tsx", "TypeScript JSX", 0, 0, 0, 0, 0, 0, 0, 0, 0, 134, 0, 0, 0, 0, 0, 18, 152
"/Users/astigmatograf/Desktop/ToptanNext/apps/web/src/app/lojistik/basvuru/basvuru-sonucu/page.tsx", "TypeScript JSX", 0, 0, 0, 0, 0, 0, 0, 0, 0, 294, 0, 0, 0, 0, 0, 36, 330
"/Users/astigmatograf/Desktop/ToptanNext/apps/web/src/app/lojistik/basvuru/belge-yukleme-ve-onay/page.tsx", "TypeScript JSX", 0, 0, 0, 0, 0, 0, 0, 0, 0, 417, 0, 0, 0, 0, 0, 47, 464
"/Users/astigmatograf/Desktop/ToptanNext/apps/web/src/app/lojistik/basvuru/iletisim-ve-finans/page.tsx", "TypeScript JSX", 0, 0, 0, 0, 0, 0, 0, 0, 0, 397, 0, 0, 0, 0, 0, 50, 447
"/Users/astigmatograf/Desktop/ToptanNext/apps/web/src/app/lojistik/basvuru/page.tsx", "TypeScript JSX", 0, 0, 0, 0, 0, 0, 0, 0, 0, 367, 0, 0, 0, 0, 1, 46, 414
"/Users/astigmatograf/Desktop/ToptanNext/apps/web/src/app/lojistik/components/LogisticsHeader.tsx", "TypeScript JSX", 0, 0, 0, 0, 0, 0, 0, 0, 0, 30, 0, 0, 0, 0, 0, 6, 36
"/Users/astigmatograf/Desktop/ToptanNext/apps/web/src/app/lojistik/components/LogisticsLoadCard.tsx", "TypeScript JSX", 0, 0, 0, 0, 0, 0, 0, 0, 0, 148, 0, 0, 0, 0, 11, 14, 173
"/Users/astigmatograf/Desktop/ToptanNext/apps/web/src/app/lojistik/components/LogisticsSidebar.tsx", "TypeScript JSX", 0, 0, 0, 0, 0, 0, 0, 0, 0, 99, 0, 0, 0, 0, 0, 9, 108
"/Users/astigmatograf/Desktop/ToptanNext/apps/web/src/app/lojistik/page.tsx", "TypeScript JSX", 0, 0, 0, 0, 0, 0, 0, 0, 0, 207, 0, 0, 0, 0, 1, 14, 222
"/Users/astigmatograf/Desktop/ToptanNext/apps/web/src/app/odeme/page.tsx", "TypeScript JSX", 0, 0, 0, 0, 0, 0, 0, 0, 0, 776, 0, 0, 0, 0, 2, 41, 819
"/Users/astigmatograf/Desktop/ToptanNext/apps/web/src/app/page.tsx", "TypeScript JSX", 0, 0, 0, 0, 0, 0, 0, 0, 0, 88, 0, 0, 0, 0, 0, 10, 98
"/Users/astigmatograf/Desktop/ToptanNext/apps/web/src/app/providers.tsx", "TypeScript JSX", 0, 0, 0, 0, 0, 0, 0, 0, 0, 21, 0, 0, 0, 0, 0, 5, 26
"/Users/astigmatograf/Desktop/ToptanNext/apps/web/src/app/satici-ol/basvuru-sonucu/page.tsx", "TypeScript JSX", 0, 0, 0, 0, 0, 0, 0, 0, 0, 334, 0, 0, 0, 0, 0, 41, 375
"/Users/astigmatograf/Desktop/ToptanNext/apps/web/src/app/satici-ol/belge-yukleme-ve-onay/page.tsx", "TypeScript JSX", 0, 0, 0, 0, 0, 0, 0, 0, 0, 527, 0, 0, 0, 0, 0, 57, 584
"/Users/astigmatograf/Desktop/ToptanNext/apps/web/src/app/satici-ol/iletisim-ve-finans/page.tsx", "TypeScript JSX", 0, 0, 0, 0, 0, 0, 0, 0, 0, 576, 0, 0, 0, 0, 0, 63, 639
"/Users/astigmatograf/Desktop/ToptanNext/apps/web/src/app/satici-ol/page.tsx", "TypeScript JSX", 0, 0, 0, 0, 0, 0, 0, 0, 0, 455, 0, 0, 0, 0, 1, 53, 509
"/Users/astigmatograf/Desktop/ToptanNext/apps/web/src/app/sektorler/[slug]/page.tsx", "TypeScript JSX", 0, 0, 0, 0, 0, 0, 0, 0, 0, 9, 0, 0, 0, 0, 0, 3, 12
"/Users/astigmatograf/Desktop/ToptanNext/apps/web/src/app/sepet/page.tsx", "TypeScript JSX", 0, 0, 0, 0, 0, 0, 0, 0, 0, 220, 0, 0, 0, 0, 1, 17, 238
"/Users/astigmatograf/Desktop/ToptanNext/apps/web/src/app/siparis/page.tsx", "TypeScript JSX", 0, 0, 0, 0, 0, 0, 0, 0, 0, 4, 0, 0, 0, 0, 0, 2, 6
"/Users/astigmatograf/Desktop/ToptanNext/apps/web/src/app/uretici-toptancilar/page.tsx", "TypeScript JSX", 0, 0, 0, 0, 0, 0, 0, 0, 0, 245, 0, 0, 0, 0, 2, 17, 264
"/Users/astigmatograf/Desktop/ToptanNext/apps/web/src/app/urun/[id]/page.tsx", "TypeScript JSX", 0, 0, 0, 0, 0, 0, 0, 0, 0, 9, 0, 0, 0, 0, 0, 3, 12
"/Users/astigmatograf/Desktop/ToptanNext/apps/web/src/components/auth/RequireAuth.tsx", "TypeScript JSX", 0, 0, 0, 0, 0, 0, 0, 0, 0, 25, 0, 0, 0, 0, 0, 8, 33
"/Users/astigmatograf/Desktop/ToptanNext/apps/web/src/components/chat/AttachmentPreview.tsx", "TypeScript JSX", 0, 0, 0, 0, 0, 0, 0, 0, 0, 29, 0, 0, 0, 0, 0, 4, 33
"/Users/astigmatograf/Desktop/ToptanNext/apps/web/src/components/chat/ConversationItem.tsx", "TypeScript JSX", 0, 0, 0, 0, 0, 0, 0, 0, 0, 100, 0, 0, 0, 0, 1, 10, 111
"/Users/astigmatograf/Desktop/ToptanNext/apps/web/src/components/chat/ConversationList.test.tsx", "TypeScript JSX", 0, 0, 0, 0, 0, 0, 0, 0, 0, 196, 0, 0, 0, 0, 0, 31, 227
"/Users/astigmatograf/Desktop/ToptanNext/apps/web/src/components/chat/ConversationList.tsx", "TypeScript JSX", 0, 0, 0, 0, 0, 0, 0, 0, 0, 182, 0, 0, 0, 0, 0, 33, 215
"/Users/astigmatograf/Desktop/ToptanNext/apps/web/src/components/chat/ConversationListPanel.tsx", "TypeScript JSX", 0, 0, 0, 0, 0, 0, 0, 0, 0, 144, 0, 0, 0, 0, 13, 16, 173
"/Users/astigmatograf/Desktop/ToptanNext/apps/web/src/components/chat/ConversationWorkspace.tsx", "TypeScript JSX", 0, 0, 0, 0, 0, 0, 0, 0, 0, 53, 0, 0, 0, 0, 0, 10, 63
"/Users/astigmatograf/Desktop/ToptanNext/apps/web/src/components/chat/MessageBubble.tsx", "TypeScript JSX", 0, 0, 0, 0, 0, 0, 0, 0, 0, 101, 0, 0, 0, 0, 2, 11, 114
"/Users/astigmatograf/Desktop/ToptanNext/apps/web/src/components/chat/MessageInput.test.tsx", "TypeScript JSX", 0, 0, 0, 0, 0, 0, 0, 0, 0, 62, 0, 0, 0, 0, 0, 19, 81
"/Users/astigmatograf/Desktop/ToptanNext/apps/web/src/components/chat/MessageInput.tsx", "TypeScript JSX", 0, 0, 0, 0, 0, 0, 0, 0, 0, 222, 0, 0, 0, 0, 0, 31, 253
"/Users/astigmatograf/Desktop/ToptanNext/apps/web/src/components/chat/MessageThread.tsx", "TypeScript JSX", 0, 0, 0, 0, 0, 0, 0, 0, 0, 470, 0, 0, 0, 0, 1, 69, 540
"/Users/astigmatograf/Desktop/ToptanNext/apps/web/src/components/chat/ProductChatDrawer.tsx", "TypeScript JSX", 0, 0, 0, 0, 0, 0, 0, 0, 0, 164, 0, 0, 0, 0, 1, 20, 185
"/Users/astigmatograf/Desktop/ToptanNext/apps/web/src/components/chat/QuoteOfferCard.test.tsx", "TypeScript JSX", 0, 0, 0, 0, 0, 0, 0, 0, 0, 75, 0, 0, 0, 0, 0, 12, 87
"/Users/astigmatograf/Desktop/ToptanNext/apps/web/src/components/chat/QuoteOfferCard.tsx", "TypeScript JSX", 0, 0, 0, 0, 0, 0, 0, 0, 0, 169, 0, 0, 0, 0, 1, 23, 193
"/Users/astigmatograf/Desktop/ToptanNext/apps/web/src/components/chat/QuoteOfferModal.tsx", "TypeScript JSX", 0, 0, 0, 0, 0, 0, 0, 0, 0, 215, 0, 0, 0, 0, 1, 20, 236
"/Users/astigmatograf/Desktop/ToptanNext/apps/web/src/components/chat/SellerMessagesWorkspace.tsx", "TypeScript JSX", 0, 0, 0, 0, 0, 0, 0, 0, 0, 713, 0, 0, 0, 0, 2, 48, 763
"/Users/astigmatograf/Desktop/ToptanNext/apps/web/src/components/chat/TypingIndicator.tsx", "TypeScript JSX", 0, 0, 0, 0, 0, 0, 0, 0, 0, 14, 0, 0, 0, 0, 0, 4, 18
"/Users/astigmatograf/Desktop/ToptanNext/apps/web/src/features/addresses/api/addresses.api.ts", "TypeScript", 65, 0, 0, 0, 0, 0, 0, 0, 0, 0, 0, 0, 0, 0, 0, 8, 73
"/Users/astigmatograf/Desktop/ToptanNext/apps/web/src/features/addresses/components/AddressCard.tsx", "TypeScript JSX", 0, 0, 0, 0, 0, 0, 0, 0, 0, 79, 0, 0, 0, 0, 0, 6, 85
"/Users/astigmatograf/Desktop/ToptanNext/apps/web/src/features/addresses/components/AddressForm.tsx", "TypeScript JSX", 0, 0, 0, 0, 0, 0, 0, 0, 0, 353, 0, 0, 0, 0, 0, 31, 384
"/Users/astigmatograf/Desktop/ToptanNext/apps/web/src/features/auth/api/auth.api.ts", "TypeScript", 22, 0, 0, 0, 0, 0, 0, 0, 0, 0, 0, 0, 0, 0, 0, 5, 27
"/Users/astigmatograf/Desktop/ToptanNext/apps/web/src/features/auth/components/AuthScreen.tsx", "TypeScript JSX", 0, 0, 0, 0, 0, 0, 0, 0, 0, 127, 0, 0, 0, 0, 0, 12, 139
"/Users/astigmatograf/Desktop/ToptanNext/apps/web/src/features/auth/components/LoginForm.tsx", "TypeScript JSX", 0, 0, 0, 0, 0, 0, 0, 0, 0, 81, 0, 0, 0, 0, 0, 12, 93
"/Users/astigmatograf/Desktop/ToptanNext/apps/web/src/features/auth/components/RegisterForm.tsx", "TypeScript JSX", 0, 0, 0, 0, 0, 0, 0, 0, 0, 154, 0, 0, 0, 0, 0, 14, 168
"/Users/astigmatograf/Desktop/ToptanNext/apps/web/src/features/auth/components/RegisterVisualPanel.tsx", "TypeScript JSX", 0, 0, 0, 0, 0, 0, 0, 0, 0, 72, 0, 0, 0, 0, 0, 8, 80
"/Users/astigmatograf/Desktop/ToptanNext/apps/web/src/features/auth/components/SocialAuthButtons.tsx", "TypeScript JSX", 0, 0, 0, 0, 0, 0, 0, 0, 0, 56, 0, 0, 0, 0, 0, 6, 62
"/Users/astigmatograf/Desktop/ToptanNext/apps/web/src/features/auth/hooks/useAuthMutations.ts", "TypeScript", 19, 0, 0, 0, 0, 0, 0, 0, 0, 0, 0, 0, 0, 0, 0, 4, 23
"/Users/astigmatograf/Desktop/ToptanNext/apps/web/src/features/cart/api/cart.api.ts", "TypeScript", 64, 0, 0, 0, 0, 0, 0, 0, 0, 0, 0, 0, 0, 0, 0, 7, 71
"/Users/astigmatograf/Desktop/ToptanNext/apps/web/src/features/cart/store/useCartStore.ts", "TypeScript", 25, 0, 0, 0, 0, 0, 0, 0, 0, 0, 0, 0, 0, 0, 0, 4, 29
"/Users/astigmatograf/Desktop/ToptanNext/apps/web/src/features/chat/api/chat.api.ts", "TypeScript", 395, 0, 0, 0, 0, 0, 0, 0, 0, 0, 0, 0, 0, 0, 1, 42, 438
"/Users/astigmatograf/Desktop/ToptanNext/apps/web/src/features/chat/hooks/useSocket.ts", "TypeScript", 165, 0, 0, 0, 0, 0, 0, 0, 0, 0, 0, 0, 0, 0, 1, 32, 198
"/Users/astigmatograf/Desktop/ToptanNext/apps/web/src/features/chat/store/useChatStore.ts", "TypeScript", 262, 0, 0, 0, 0, 0, 0, 0, 0, 0, 0, 0, 0, 0, 0, 22, 284
"/Users/astigmatograf/Desktop/ToptanNext/apps/web/src/features/chat/utils/auth.ts", "TypeScript", 41, 0, 0, 0, 0, 0, 0, 0, 0, 0, 0, 0, 0, 0, 0, 9, 50
"/Users/astigmatograf/Desktop/ToptanNext/apps/web/src/features/logistics-application/api/logistics-application-progress.ts", "TypeScript", 61, 0, 0, 0, 0, 0, 0, 0, 0, 0, 0, 0, 0, 0, 0, 10, 71
"/Users/astigmatograf/Desktop/ToptanNext/apps/web/src/features/logistics-application/api/logistics-application.api.ts", "TypeScript", 438, 0, 0, 0, 0, 0, 0, 0, 0, 0, 0, 0, 0, 0, 0, 66, 504
"/Users/astigmatograf/Desktop/ToptanNext/apps/web/src/features/logistics-application/components/LogisticsApplicationSidebar.tsx", "TypeScript JSX", 0, 0, 0, 0, 0, 0, 0, 0, 0, 80, 0, 0, 0, 0, 0, 13, 93
"/Users/astigmatograf/Desktop/ToptanNext/apps/web/src/features/logistics-application/components/LogisticsMultiSelectField.tsx", "TypeScript JSX", 0, 0, 0, 0, 0, 0, 0, 0, 0, 81, 0, 0, 0, 0, 0, 14, 95
"/Users/astigmatograf/Desktop/ToptanNext/apps/web/src/features/logistics-application/logistics-application.schema.ts", "TypeScript", 80, 0, 0, 0, 0, 0, 0, 0, 0, 0, 0, 0, 0, 0, 0, 10, 90
"/Users/astigmatograf/Desktop/ToptanNext/apps/web/src/features/logistics-application/logistics-application.store.ts", "TypeScript", 124, 0, 0, 0, 0, 0, 0, 0, 0, 0, 0, 0, 0, 0, 0, 26, 150
"/Users/astigmatograf/Desktop/ToptanNext/apps/web/src/features/payment-cards/api/payment-cards.api.ts", "TypeScript", 61, 0, 0, 0, 0, 0, 0, 0, 0, 0, 0, 0, 0, 0, 0, 9, 70
"/Users/astigmatograf/Desktop/ToptanNext/apps/web/src/features/payment-cards/components/PaymentCardForm.tsx", "TypeScript JSX", 0, 0, 0, 0, 0, 0, 0, 0, 0, 221, 0, 0, 0, 0, 0, 23, 244
"/Users/astigmatograf/Desktop/ToptanNext/apps/web/src/features/payment-cards/components/PaymentCardPreview.tsx", "TypeScript JSX", 0, 0, 0, 0, 0, 0, 0, 0, 0, 93, 0, 0, 0, 0, 0, 9, 102
"/Users/astigmatograf/Desktop/ToptanNext/apps/web/src/features/payment-cards/components/SavedPaymentCard.tsx", "TypeScript JSX", 0, 0, 0, 0, 0, 0, 0, 0, 0, 86, 0, 0, 0, 0, 0, 7, 93
"/Users/astigmatograf/Desktop/ToptanNext/apps/web/src/features/product-listing/api/product-listing.api.ts", "TypeScript", 561, 0, 0, 0, 0, 0, 0, 0, 0, 0, 0, 0, 0, 0, 0, 98, 659
"/Users/astigmatograf/Desktop/ToptanNext/apps/web/src/features/product-listing/components/RichTextEditor.tsx", "TypeScript JSX", 0, 0, 0, 0, 0, 0, 0, 0, 0, 395, 0, 0, 0, 0, 0, 35, 430
"/Users/astigmatograf/Desktop/ToptanNext/apps/web/src/features/profile/api/profile.api.ts", "TypeScript", 29, 0, 0, 0, 0, 0, 0, 0, 0, 0, 0, 0, 0, 0, 0, 5, 34
"/Users/astigmatograf/Desktop/ToptanNext/apps/web/src/features/supplier-application/api/supplier-application-progress.ts", "TypeScript", 64, 0, 0, 0, 0, 0, 0, 0, 0, 0, 0, 0, 0, 0, 0, 11, 75
"/Users/astigmatograf/Desktop/ToptanNext/apps/web/src/features/supplier-application/api/supplier-application.api.ts", "TypeScript", 356, 0, 0, 0, 0, 0, 0, 0, 0, 0, 0, 0, 0, 0, 0, 52, 408
"/Users/astigmatograf/Desktop/ToptanNext/apps/web/src/features/supplier-application/components/SupplierApplicationStepOne.tsx", "TypeScript JSX", 0, 0, 0, 0, 0, 0, 0, 0, 0, 458, 0, 0, 0, 0, 1, 52, 511
"/Users/astigmatograf/Desktop/ToptanNext/apps/web/src/lib/api.ts", "TypeScript", 157, 0, 0, 0, 0, 0, 0, 0, 0, 0, 0, 0, 0, 0, 0, 33, 190
"/Users/astigmatograf/Desktop/ToptanNext/apps/web/src/lib/auth-token.ts", "TypeScript", 83, 0, 0, 0, 0, 0, 0, 0, 0, 0, 0, 0, 0, 0, 0, 22, 105
"/Users/astigmatograf/Desktop/ToptanNext/apps/web/src/lib/favorites.ts", "TypeScript", 76, 0, 0, 0, 0, 0, 0, 0, 0, 0, 0, 0, 0, 0, 0, 16, 92
"/Users/astigmatograf/Desktop/ToptanNext/apps/web/stitch_exports/9569456776887919367/4f2891cb81eb4c7484746616abfa64bb-admin-logistics-applications.html", "HTML", 0, 0, 0, 0, 0, 0, 0, 0, 409, 0, 0, 0, 0, 0, 0, 0, 409
"/Users/astigmatograf/Desktop/ToptanNext/apps/web/stitch_exports/9569456776887919367/a313d8cbf5bd45bb8cd06705f857aaaf-satici-basvurulari-paneli.html", "HTML", 0, 0, 0, 0, 0, 0, 0, 0, 409, 0, 0, 0, 0, 0, 0, 1, 410
"/Users/astigmatograf/Desktop/ToptanNext/apps/web/tailwind.config.ts", "TypeScript", 78, 0, 0, 0, 0, 0, 0, 0, 0, 0, 0, 0, 0, 0, 0, 2, 80
"/Users/astigmatograf/Desktop/ToptanNext/apps/web/tsconfig.json", "JSON with Comments", 0, 0, 0, 26, 0, 0, 0, 0, 0, 0, 0, 0, 0, 0, 0, 1, 27
"/Users/astigmatograf/Desktop/ToptanNext/docker-compose.yml", "YAML", 0, 121, 0, 0, 0, 0, 0, 0, 0, 0, 0, 0, 0, 0, 0, 9, 130
"/Users/astigmatograf/Desktop/ToptanNext/package.json", "JSON", 0, 0, 0, 0, 21, 0, 0, 0, 0, 0, 0, 0, 0, 0, 0, 1, 22
"/Users/astigmatograf/Desktop/ToptanNext/packages/config/package.json", "JSON", 0, 0, 0, 0, 13, 0, 0, 0, 0, 0, 0, 0, 0, 0, 0, 1, 14
"/Users/astigmatograf/Desktop/ToptanNext/packages/config/src/index.ts", "TypeScript", 1, 0, 0, 0, 0, 0, 0, 0, 0, 0, 0, 0, 0, 0, 0, 1, 2
"/Users/astigmatograf/Desktop/ToptanNext/packages/config/tsconfig.json", "JSON with Comments", 0, 0, 0, 13, 0, 0, 0, 0, 0, 0, 0, 0, 0, 0, 0, 1, 14
"/Users/astigmatograf/Desktop/ToptanNext/packages/types/package.json", "JSON", 0, 0, 0, 0, 16, 0, 0, 0, 0, 0, 0, 0, 0, 0, 0, 1, 17
"/Users/astigmatograf/Desktop/ToptanNext/packages/types/src/index.ts", "TypeScript", 1, 0, 0, 0, 0, 0, 0, 0, 0, 0, 0, 0, 0, 0, 0, 1, 2
"/Users/astigmatograf/Desktop/ToptanNext/packages/types/src/schemas/auth.ts", "TypeScript", 65, 0, 0, 0, 0, 0, 0, 0, 0, 0, 0, 0, 0, 0, 0, 8, 73
"/Users/astigmatograf/Desktop/ToptanNext/packages/types/src/schemas/index.ts", "TypeScript", 3, 0, 0, 0, 0, 0, 0, 0, 0, 0, 0, 0, 0, 0, 0, 1, 4
"/Users/astigmatograf/Desktop/ToptanNext/packages/types/src/schemas/product-listing.ts", "TypeScript", 354, 0, 0, 0, 0, 0, 0, 0, 0, 0, 0, 0, 0, 0, 0, 40, 394
"/Users/astigmatograf/Desktop/ToptanNext/packages/types/src/schemas/supplier-application.ts", "TypeScript", 155, 0, 0, 0, 0, 0, 0, 0, 0, 0, 0, 0, 0, 0, 0, 10, 165
"/Users/astigmatograf/Desktop/ToptanNext/packages/types/tsconfig.json", "JSON with Comments", 0, 0, 0, 13, 0, 0, 0, 0, 0, 0, 0, 0, 0, 0, 0, 1, 14
"/Users/astigmatograf/Desktop/ToptanNext/packages/ui/package.json", "JSON", 0, 0, 0, 0, 19, 0, 0, 0, 0, 0, 0, 0, 0, 0, 0, 1, 20
"/Users/astigmatograf/Desktop/ToptanNext/packages/ui/src/components/Button.tsx", "TypeScript JSX", 0, 0, 0, 0, 0, 0, 0, 0, 0, 25, 0, 0, 0, 0, 0, 5, 30
"/Users/astigmatograf/Desktop/ToptanNext/packages/ui/src/components/Checkbox.tsx", "TypeScript JSX", 0, 0, 0, 0, 0, 0, 0, 0, 0, 14, 0, 0, 0, 0, 0, 4, 18
"/Users/astigmatograf/Desktop/ToptanNext/packages/ui/src/components/Input.tsx", "TypeScript JSX", 0, 0, 0, 0, 0, 0, 0, 0, 0, 15, 0, 0, 0, 0, 0, 4, 19
"/Users/astigmatograf/Desktop/ToptanNext/packages/ui/src/components/index.ts", "TypeScript", 3, 0, 0, 0, 0, 0, 0, 0, 0, 0, 0, 0, 0, 0, 0, 1, 4
"/Users/astigmatograf/Desktop/ToptanNext/packages/ui/src/index.ts", "TypeScript", 1, 0, 0, 0, 0, 0, 0, 0, 0, 0, 0, 0, 0, 0, 0, 1, 2
"/Users/astigmatograf/Desktop/ToptanNext/packages/ui/tsconfig.json", "JSON with Comments", 0, 0, 0, 14, 0, 0, 0, 0, 0, 0, 0, 0, 0, 0, 0, 1, 15
"/Users/astigmatograf/Desktop/ToptanNext/packages/utils/package.json", "JSON", 0, 0, 0, 0, 13, 0, 0, 0, 0, 0, 0, 0, 0, 0, 0, 1, 14
"/Users/astigmatograf/Desktop/ToptanNext/packages/utils/src/index.ts", "TypeScript", 1, 0, 0, 0, 0, 0, 0, 0, 0, 0, 0, 0, 0, 0, 0, 1, 2
"/Users/astigmatograf/Desktop/ToptanNext/packages/utils/tsconfig.json", "JSON with Comments", 0, 0, 0, 13, 0, 0, 0, 0, 0, 0, 0, 0, 0, 0, 0, 1, 14
"/Users/astigmatograf/Desktop/ToptanNext/pnpm-lock.yaml", "YAML", 0, 9455, 0, 0, 0, 0, 0, 0, 0, 0, 0, 0, 0, 0, 0, 1264, 10719
"/Users/astigmatograf/Desktop/ToptanNext/pnpm-workspace.yaml", "YAML", 0, 4, 0, 0, 0, 0, 0, 0, 0, 0, 0, 0, 0, 0, 0, 1, 5
"/Users/astigmatograf/Desktop/ToptanNext/scripts/check-dev-ports.mjs", "JavaScript", 0, 0, 0, 0, 0, 0, 70, 0, 0, 0, 0, 0, 0, 0, 0, 19, 89
"/Users/astigmatograf/Desktop/ToptanNext/scripts/sync-local-db-to-production.sh", "Shell Script", 0, 0, 0, 0, 0, 0, 0, 0, 0, 0, 0, 0, 0, 118, 1, 21, 140
"/Users/astigmatograf/Desktop/ToptanNext/stitch_exports/9569456776887919367/118b3ae6c6fa417c97729af0593ef20e-urun-ekleme-adim-2-gelismis-fiyatlandirma.html", "HTML", 0, 0, 0, 0, 0, 0, 0, 0, 394, 0, 0, 0, 0, 0, 17, 1, 412
"/Users/astigmatograf/Desktop/ToptanNext/stitch_exports/9569456776887919367/118b3ae6c6fa417c97729af0593ef20e-urun-ekleme-adim-2.html", "HTML", 0, 0, 0, 0, 0, 0, 0, 0, 394, 0, 0, 0, 0, 0, 17, 1, 412
"/Users/astigmatograf/Desktop/ToptanNext/stitch_exports/9569456776887919367/28113204ac28437bb89d4766e084d52f-admin-overview.html", "HTML", 0, 0, 0, 0, 0, 0, 0, 0, 427, 0, 0, 0, 0, 0, 20, 0, 447
"/Users/astigmatograf/Desktop/ToptanNext/stitch_exports/9569456776887919367/28869c5b8d7046908adb76b6317ca0b3-forgot-password.html", "HTML", 0, 0, 0, 0, 0, 0, 0, 0, 199, 0, 0, 0, 0, 0, 6, 1, 206
"/Users/astigmatograf/Desktop/ToptanNext/stitch_exports/9569456776887919367/295c777832434e98a2396e6c0b60de61-admin-supplier-applications.html", "HTML", 0, 0, 0, 0, 0, 0, 0, 0, 412, 0, 0, 0, 0, 0, 0, 0, 412
"/Users/astigmatograf/Desktop/ToptanNext/stitch_exports/9569456776887919367/3151e032a4bf4a1c9c2068c52232a298-finans-ve-muhasebe.html", "HTML", 0, 0, 0, 0, 0, 0, 0, 0, 415, 0, 0, 0, 0, 0, 15, 1, 431
"/Users/astigmatograf/Desktop/ToptanNext/stitch_exports/9569456776887919367/505b873761f7407f8b4521384f36364e-urunlerim-gelismis-filtreleme.html", "HTML", 0, 0, 0, 0, 0, 0, 0, 0, 494, 0, 0, 0, 0, 0, 21, 1, 516
"/Users/astigmatograf/Desktop/ToptanNext/stitch_exports/9569456776887919367/561819b26f68492e88af2fe5013feb9b-admin-user-management.html", "HTML", 0, 0, 0, 0, 0, 0, 0, 0, 390, 0, 0, 0, 0, 0, 9, 0, 399
"/Users/astigmatograf/Desktop/ToptanNext/stitch_exports/9569456776887919367/5629abe8460a4270b410b9712aef416d-urun-ekleme-adim-3.html", "HTML", 0, 0, 0, 0, 0, 0, 0, 0, 328, 0, 0, 0, 0, 0, 16, 0, 344
"/Users/astigmatograf/Desktop/ToptanNext/stitch_exports/9569456776887919367/6e2b252457f5452ba1609db872cf9a96-register.html", "HTML", 0, 0, 0, 0, 0, 0, 0, 0, 213, 0, 0, 0, 0, 0, 3, 1, 217
"/Users/astigmatograf/Desktop/ToptanNext/stitch_exports/9569456776887919367/a313d8cbf5bd45bb8cd06705f857aaaf-satici-basvurulari-paneli.html", "HTML", 0, 0, 0, 0, 0, 0, 0, 0, 409, 0, 0, 0, 0, 0, 0, 1, 410
"/Users/astigmatograf/Desktop/ToptanNext/stitch_exports/9569456776887919367/a313d8cbf5bd45bb8cd06705f857aaaf-urun-yonetimi-paneli.html", "HTML", 0, 0, 0, 0, 0, 0, 0, 0, 409, 0, 0, 0, 0, 0, 0, 1, 410
"/Users/astigmatograf/Desktop/ToptanNext/stitch_exports/9569456776887919367/a7b959f93bc34e6ca43c89ec812e5820-kisisel-bilgilerim.html", "HTML", 0, 0, 0, 0, 0, 0, 0, 0, 231, 0, 0, 0, 0, 0, 6, 1, 238
"/Users/astigmatograf/Desktop/ToptanNext/stitch_exports/9569456776887919367/c2b71dd43f2041c2bdb6f0bafb522ed4-home.html", "HTML", 0, 0, 0, 0, 0, 0, 0, 0, 398, 0, 0, 0, 0, 0, 26, 0, 424
"/Users/astigmatograf/Desktop/ToptanNext/stitch_exports/9569456776887919367/c3d8c68304aa4d7e9f22ed08509412ec-login.html", "HTML", 0, 0, 0, 0, 0, 0, 0, 0, 207, 0, 0, 0, 0, 0, 9, 1, 217
"/Users/astigmatograf/Desktop/ToptanNext/stitch_exports/9569456776887919367/cd44bded461641f9bc1259cf27d3c431-urun-ekleme-adim-1.html", "HTML", 0, 0, 0, 0, 0, 0, 0, 0, 345, 0, 0, 0, 0, 0, 29, 1, 375
"/Users/astigmatograf/Desktop/ToptanNext/stitch_exports/9569456776887919367/dd3c7883c58b47ac896fe9a3731eb443-supplier-step1.html", "HTML", 0, 0, 0, 0, 0, 0, 0, 0, 247, 0, 0, 0, 0, 0, 16, 0, 263
"/Users/astigmatograf/Desktop/ToptanNext/stitch_exports/9569456776887919367/f19804f738d740f5adcedf05e710d4cc-home.html", "HTML", 0, 0, 0, 0, 0, 0, 0, 0, 350, 0, 0, 0, 0, 0, 26, 0, 376
"/Users/astigmatograf/Desktop/ToptanNext/turbo.json", "JSON", 0, 0, 0, 0, 31, 0, 0, 0, 0, 0, 0, 0, 0, 0, 0, 1, 32
"Total", "-", 19765, 9638, 2970, 102, 306, 684, 190, 18, 7080, 26055, 2, 37, 27, 118, 411, 8006, 75409